,count,mean,std,min,25%,50%,75%,max
count,178.0,178.0,178.0,178.0,178.0,178.0,178.0,178.0
mean,11500.0,-7.72243624816805,164.54793542513497,-1812.5,-53.485955056179776,-7.314606741573034,36.41713483146067,1737.6404494382023
std,0.0,2.0152466233942636,3.4026820680967487,81.03924208099522,1.3267987207659901,0.9636970433526939,1.271904659140675,296.35957878313974
min,11500.0,-13.668869565217392,153.88138289800153,-1885.0,-57.0,-10.0,33.0,1213.0
25%,11500.0,-9.210934782608696,162.16481491658084,-1864.0,-54.0,-8.0,36.0,1451.25
50%,11500.0,-7.249,164.6027516168026,-1844.5,-53.0,-7.0,36.125,1781.5
75%,11500.0,-6.229760869565218,167.0659221012374,-1788.25,-53.0,-7.0,37.0,2047.0
max,11500.0,-4.143826086956522,172.43988729137322,-1415.0,-50.0,-5.0,39.0,2047.0
